/* Manipel */
INSERT INTO Manipel (studienrichtung, jahrgang) VALUES ('I', 2007);
INSERT INTO Manipel (studienrichtung, jahrgang) VALUES ('I', 2008);
INSERT INTO Manipel (studienrichtung, jahrgang) VALUES ('I', 2009);
INSERT INTO Manipel (studienrichtung, jahrgang) VALUES ('I', 2010);
INSERT INTO Manipel (studienrichtung, jahrgang) VALUES ('I', 2011);
INSERT INTO Manipel (studienrichtung, jahrgang) VALUES ('B', 2007);
INSERT INTO Manipel (studienrichtung, jahrgang) VALUES ('B', 2008);
INSERT INTO Manipel (studienrichtung, jahrgang) VALUES ('B', 2009);
INSERT INTO Manipel (studienrichtung, jahrgang) VALUES ('B', 2010);
INSERT INTO Manipel (studienrichtung, jahrgang) VALUES ('B', 2011);
INSERT INTO Manipel (studienrichtung, jahrgang) VALUES ('W', 2007);
INSERT INTO Manipel (studienrichtung, jahrgang) VALUES ('W', 2008);
INSERT INTO Manipel (studienrichtung, jahrgang) VALUES ('W', 2009);
INSERT INTO Manipel (studienrichtung, jahrgang) VALUES ('W', 2010);
INSERT INTO Manipel (studienrichtung, jahrgang) VALUES ('W', 2011);

/* Prüfungsfach */
INSERT INTO Pruefungsfach (id, manipelstudienrichtung, manipeljahrgang, titel, beschreibung) VALUES (1, 'I', 2007, 'Mathematik 2', 'Prüfungsfach für das Modul Mathematik 2');
INSERT INTO Pruefungsfach (id, manipelstudienrichtung, manipeljahrgang, titel, beschreibung) VALUES (2, 'I', 2007, 'Softwareproduktion', 'Prüfungsfach für das Modul Softwareproduktion');
INSERT INTO Pruefungsfach (id, manipelstudienrichtung, manipeljahrgang, titel, beschreibung) VALUES (3, 'I', 2007, 'Rechnungswesen I', 'Prüfungsfach für das Modul Rechnungswesen I');
INSERT INTO Pruefungsfach (id, manipelstudienrichtung, manipeljahrgang, titel, beschreibung) VALUES (4, 'I', 2007, 'Rechnungswesen II', 'Prüfungsfach für das Modul Rechnungswesen II');
INSERT INTO Pruefungsfach (id, manipelstudienrichtung, manipeljahrgang, titel, beschreibung) VALUES (5, 'I', 2007, 'Mathematik', 'Prüfungsfach für das Modul Mathematik');
INSERT INTO Pruefungsfach (id, manipelstudienrichtung, manipeljahrgang, titel, beschreibung) VALUES (6, 'I', 2007, 'Algorithmen & Datenstrukturen', 'Prüfungsfach für das Modul Algorithmen & Datenstrukturen');
INSERT INTO Pruefungsfach (id, manipelstudienrichtung, manipeljahrgang, titel, beschreibung) VALUES (7, 'I', 2007, 'Datenbanksysteme', 'Prüfungsfach für das Modul Datenbanksysteme');
INSERT INTO Pruefungsfach (id, manipelstudienrichtung, manipeljahrgang, titel, beschreibung) VALUES (8, 'I', 2007, 'Marketing', 'Prüfungsfach für das Modul Marketing');
INSERT INTO Pruefungsfach (id, manipelstudienrichtung, manipeljahrgang, titel, beschreibung) VALUES (9, 'I', 2007, 'Allg. Betriebswirtschaftslehre', 'Prüfungsfach für das Modul Allg. Betriebswirtschaftslehre');
INSERT INTO Pruefungsfach (id, manipelstudienrichtung, manipeljahrgang, titel, beschreibung) VALUES (10, 'I', 2007, 'Vollkswirtschaftslehre', 'Prüfungsfach für das Modul Vollkswirtschaftslehre');
INSERT INTO Pruefungsfach (id, manipelstudienrichtung, manipeljahrgang, titel, beschreibung) VALUES (11, 'I', 2007, 'Geschäftsprozessmodellierung und Qualitätsmanagement', 'Prüfungsfach für das Modul Geschäftsprozessmodellierung und Qualitätsmanagement');

INSERT INTO Pruefungsfach (id, manipelstudienrichtung, manipeljahrgang, titel, beschreibung) VALUES (12, 'I', 2008, 'Mathematik 2', 'Prüfungsfach für das Modul Mathematik 2');
INSERT INTO Pruefungsfach (id, manipelstudienrichtung, manipeljahrgang, titel, beschreibung) VALUES (13, 'I', 2008, 'Softwareproduktion', 'Prüfungsfach für das Modul Softwareproduktion');
INSERT INTO Pruefungsfach (id, manipelstudienrichtung, manipeljahrgang, titel, beschreibung) VALUES (14, 'I', 2008, 'Rechnungswesen I', 'Prüfungsfach für das Modul Rechnungswesen I');
INSERT INTO Pruefungsfach (id, manipelstudienrichtung, manipeljahrgang, titel, beschreibung) VALUES (15, 'I', 2008, 'Rechnungswesen II', 'Prüfungsfach für das Modul Rechnungswesen II');
INSERT INTO Pruefungsfach (id, manipelstudienrichtung, manipeljahrgang, titel, beschreibung) VALUES (16, 'I', 2008, 'Mathematik', 'Prüfungsfach für das Modul Mathematik');
INSERT INTO Pruefungsfach (id, manipelstudienrichtung, manipeljahrgang, titel, beschreibung) VALUES (17, 'I', 2008, 'Algorithmen & Datenstrukturen', 'Prüfungsfach für das Modul Algorithmen & Datenstrukturen');
INSERT INTO Pruefungsfach (id, manipelstudienrichtung, manipeljahrgang, titel, beschreibung) VALUES (18, 'I', 2008, 'Datenbanksysteme', 'Prüfungsfach für das Modul Datenbanksysteme');
INSERT INTO Pruefungsfach (id, manipelstudienrichtung, manipeljahrgang, titel, beschreibung) VALUES (19, 'I', 2008, 'Marketing', 'Prüfungsfach für das Modul Marketing');
INSERT INTO Pruefungsfach (id, manipelstudienrichtung, manipeljahrgang, titel, beschreibung) VALUES (20, 'I', 2008, 'Allg. Betriebswirtschaftslehre', 'Prüfungsfach für das Modul Allg. Betriebswirtschaftslehre');
INSERT INTO Pruefungsfach (id, manipelstudienrichtung, manipeljahrgang, titel, beschreibung) VALUES (21, 'I', 2008, 'Vollkswirtschaftslehre', 'Prüfungsfach für das Modul Vollkswirtschaftslehre');
INSERT INTO Pruefungsfach (id, manipelstudienrichtung, manipeljahrgang, titel, beschreibung) VALUES (22, 'I', 2008, 'Geschäftsprozessmodellierung und Qualitätsmanagement', 'Prüfungsfach für das Modul Geschäftsprozessmodellierung und Qualitätsmanagement');

INSERT INTO Pruefungsfach (id, manipelstudienrichtung, manipeljahrgang, titel, beschreibung) VALUES (23, 'I', 2009, 'Mathematik 2', 'Prüfungsfach für das Modul Mathematik 2');
INSERT INTO Pruefungsfach (id, manipelstudienrichtung, manipeljahrgang, titel, beschreibung) VALUES (24, 'I', 2009, 'Softwareproduktion', 'Prüfungsfach für das Modul Softwareproduktion');
INSERT INTO Pruefungsfach (id, manipelstudienrichtung, manipeljahrgang, titel, beschreibung) VALUES (25, 'I', 2009, 'Rechnungswesen I', 'Prüfungsfach für das Modul Rechnungswesen I');
INSERT INTO Pruefungsfach (id, manipelstudienrichtung, manipeljahrgang, titel, beschreibung) VALUES (26, 'I', 2009, 'Rechnungswesen II', 'Prüfungsfach für das Modul Rechnungswesen II');
INSERT INTO Pruefungsfach (id, manipelstudienrichtung, manipeljahrgang, titel, beschreibung) VALUES (27, 'I', 2009, 'Mathematik', 'Prüfungsfach für das Modul Mathematik');
INSERT INTO Pruefungsfach (id, manipelstudienrichtung, manipeljahrgang, titel, beschreibung) VALUES (28, 'I', 2009, 'Algorithmen & Datenstrukturen', 'Prüfungsfach für das Modul Algorithmen & Datenstrukturen');
INSERT INTO Pruefungsfach (id, manipelstudienrichtung, manipeljahrgang, titel, beschreibung) VALUES (29, 'I', 2009, 'Datenbanksysteme', 'Prüfungsfach für das Modul Datenbanksysteme');
INSERT INTO Pruefungsfach (id, manipelstudienrichtung, manipeljahrgang, titel, beschreibung) VALUES (30, 'I', 2009, 'Marketing', 'Prüfungsfach für das Modul Marketing');
INSERT INTO Pruefungsfach (id, manipelstudienrichtung, manipeljahrgang, titel, beschreibung) VALUES (31, 'I', 2009, 'Allg. Betriebswirtschaftslehre', 'Prüfungsfach für das Modul Allg. Betriebswirtschaftslehre');
INSERT INTO Pruefungsfach (id, manipelstudienrichtung, manipeljahrgang, titel, beschreibung) VALUES (32, 'I', 2009, 'Vollkswirtschaftslehre', 'Prüfungsfach für das Modul Vollkswirtschaftslehre');
INSERT INTO Pruefungsfach (id, manipelstudienrichtung, manipeljahrgang, titel, beschreibung) VALUES (33, 'I', 2009, 'Geschäftsprozessmodellierung und Qualitätsmanagement', 'Prüfungsfach für das Modul Geschäftsprozessmodellierung und Qualitätsmanagement');

INSERT INTO Pruefungsfach (id, manipelstudienrichtung, manipeljahrgang, titel, beschreibung) VALUES (34, 'I', 2010, 'Mathematik 2', 'Prüfungsfach für das Modul Mathematik 2');
INSERT INTO Pruefungsfach (id, manipelstudienrichtung, manipeljahrgang, titel, beschreibung) VALUES (35, 'I', 2010, 'Softwareproduktion', 'Prüfungsfach für das Modul Softwareproduktion');
INSERT INTO Pruefungsfach (id, manipelstudienrichtung, manipeljahrgang, titel, beschreibung) VALUES (36, 'I', 2010, 'Rechnungswesen I', 'Prüfungsfach für das Modul Rechnungswesen I');
INSERT INTO Pruefungsfach (id, manipelstudienrichtung, manipeljahrgang, titel, beschreibung) VALUES (37, 'I', 2010, 'Rechnungswesen II', 'Prüfungsfach für das Modul Rechnungswesen II');
INSERT INTO Pruefungsfach (id, manipelstudienrichtung, manipeljahrgang, titel, beschreibung) VALUES (38, 'I', 2010, 'Mathematik', 'Prüfungsfach für das Modul Mathematik');
INSERT INTO Pruefungsfach (id, manipelstudienrichtung, manipeljahrgang, titel, beschreibung) VALUES (39, 'I', 2010, 'Algorithmen & Datenstrukturen', 'Prüfungsfach für das Modul Algorithmen & Datenstrukturen');
INSERT INTO Pruefungsfach (id, manipelstudienrichtung, manipeljahrgang, titel, beschreibung) VALUES (40, 'I', 2010, 'Datenbanksysteme', 'Prüfungsfach für das Modul Datenbanksysteme');
INSERT INTO Pruefungsfach (id, manipelstudienrichtung, manipeljahrgang, titel, beschreibung) VALUES (41, 'I', 2010, 'Marketing', 'Prüfungsfach für das Modul Marketing');
INSERT INTO Pruefungsfach (id, manipelstudienrichtung, manipeljahrgang, titel, beschreibung) VALUES (42, 'I', 2010, 'Allg. Betriebswirtschaftslehre', 'Prüfungsfach für das Modul Allg. Betriebswirtschaftslehre');
INSERT INTO Pruefungsfach (id, manipelstudienrichtung, manipeljahrgang, titel, beschreibung) VALUES (43, 'I', 2010, 'Vollkswirtschaftslehre', 'Prüfungsfach für das Modul Vollkswirtschaftslehre');
INSERT INTO Pruefungsfach (id, manipelstudienrichtung, manipeljahrgang, titel, beschreibung) VALUES (44, 'I', 2010, 'Geschäftsprozessmodellierung und Qualitätsmanagement', 'Prüfungsfach für das Modul Geschäftsprozessmodellierung und Qualitätsmanagement');

INSERT INTO Pruefungsfach (id, manipelstudienrichtung, manipeljahrgang, titel, beschreibung) VALUES (45, 'I', 2011, 'Mathematik 2', 'Prüfungsfach für das Modul Mathematik 2');
INSERT INTO Pruefungsfach (id, manipelstudienrichtung, manipeljahrgang, titel, beschreibung) VALUES (46, 'I', 2011, 'Softwareproduktion', 'Prüfungsfach für das Modul Softwareproduktion');
INSERT INTO Pruefungsfach (id, manipelstudienrichtung, manipeljahrgang, titel, beschreibung) VALUES (47, 'I', 2011, 'Rechnungswesen I', 'Prüfungsfach für das Modul Rechnungswesen I');
INSERT INTO Pruefungsfach (id, manipelstudienrichtung, manipeljahrgang, titel, beschreibung) VALUES (48, 'I', 2011, 'Rechnungswesen II', 'Prüfungsfach für das Modul Rechnungswesen II');
INSERT INTO Pruefungsfach (id, manipelstudienrichtung, manipeljahrgang, titel, beschreibung) VALUES (49, 'I', 2011, 'Mathematik', 'Prüfungsfach für das Modul Mathematik');
INSERT INTO Pruefungsfach (id, manipelstudienrichtung, manipeljahrgang, titel, beschreibung) VALUES (50, 'I', 2011, 'Algorithmen & Datenstrukturen', 'Prüfungsfach für das Modul Algorithmen & Datenstrukturen');
INSERT INTO Pruefungsfach (id, manipelstudienrichtung, manipeljahrgang, titel, beschreibung) VALUES (51, 'I', 2011, 'Datenbanksysteme', 'Prüfungsfach für das Modul Datenbanksysteme');
INSERT INTO Pruefungsfach (id, manipelstudienrichtung, manipeljahrgang, titel, beschreibung) VALUES (52, 'I', 2011, 'Marketing', 'Prüfungsfach für das Modul Marketing');
INSERT INTO Pruefungsfach (id, manipelstudienrichtung, manipeljahrgang, titel, beschreibung) VALUES (53, 'I', 2011, 'Allg. Betriebswirtschaftslehre', 'Prüfungsfach für das Modul Allg. Betriebswirtschaftslehre');
INSERT INTO Pruefungsfach (id, manipelstudienrichtung, manipeljahrgang, titel, beschreibung) VALUES (54, 'I', 2011, 'Vollkswirtschaftslehre', 'Prüfungsfach für das Modul Vollkswirtschaftslehre');
INSERT INTO Pruefungsfach (id, manipelstudienrichtung, manipeljahrgang, titel, beschreibung) VALUES (55, 'I', 2011, 'Geschäftsprozessmodellierung und Qualitätsmanagement', 'Prüfungsfach für das Modul Geschäftsprozessmodellierung und Qualitätsmanagement');


/* Person */
INSERT INTO Person (id, name, vorname) VALUES (1, 'Albert', 'Rolf');
INSERT INTO Person (id, name, vorname) VALUES (2, 'Zimmermann', 'Frank');
INSERT INTO Person (id, name, vorname) VALUES (3, 'Kesten', 'Ralf');
INSERT INTO Person (id, name, vorname) VALUES (4, 'Schramm', 'Sabrina');
INSERT INTO Person (id, name, vorname) VALUES (5, 'Hauschildt', 'Stefan');
INSERT INTO Person (id, name, vorname) VALUES (6, 'Maseberg', 'Niels');
INSERT INTO Person (id, name, vorname) VALUES (7, 'Heinrich', 'Ulrike');
INSERT INTO Person (id, name, vorname) VALUES (8, 'Gehrke', 'Nick');
INSERT INTO Person (id, name, vorname) VALUES (9, 'Bartelsen', 'Jan');
INSERT INTO Person (id, name, vorname) VALUES (10, 'Neuhaus', 'Uwe');
INSERT INTO Person (id, name, vorname) VALUES (11, 'Gey', 'Thomas');
INSERT INTO Person (id, name, vorname) VALUES (12, 'Ludolph', 'Fred');
INSERT INTO Person (id, name, vorname) VALUES (13, 'Weeber', 'Jochen');
INSERT INTO Person (id, name, vorname) VALUES (14, 'Musterhausen', 'Max');
INSERT INTO Person (id, name, vorname) VALUES (15, 'Mustermann', 'Melanie');
INSERT INTO Person (id, name, vorname) VALUES (16, 'Müller', 'Christian');
INSERT INTO Person (id, name, vorname) VALUES (17, 'Meyer', 'Annika');
INSERT INTO Person (id, name, vorname) VALUES (18, 'Schulz', 'Tom');
INSERT INTO Person (id, name, vorname) VALUES (19, 'Martens', 'Hans');
INSERT INTO Person (id, name, vorname) VALUES (20, 'Timm', 'Stefan');
INSERT INTO Person (id, name, vorname) VALUES (21, 'Philipps', 'Tobias');
INSERT INTO Person (id, name, vorname) VALUES (22, 'Schneider', 'Susanne');
INSERT INTO Person (id, name, vorname) VALUES (23, 'Möller', 'Christina');
INSERT INTO Person (id, name, vorname) VALUES (24, 'Martin', 'Paula');
INSERT INTO Person (id, name, vorname) VALUES (25, 'Herzog', 'Jennifer');
INSERT INTO Person (id, name, vorname) VALUES (26, 'Schröder', 'Hinrich');
INSERT INTO Person (id, name, vorname) VALUES (27, 'Räder', 'Christian');
INSERT INTO Person (id, name, vorname) VALUES (28, 'Werfel', 'Annegret');
INSERT INTO Person (id, name, vorname) VALUES (29, 'Kowalk', 'Andre');
INSERT INTO Person (id, name, vorname) VALUES (30, 'Rehder', 'Heiko');
INSERT INTO Person (id, name, vorname) VALUES (31, 'Brauer', 'Johannes');
INSERT INTO Person (id, name, vorname) VALUES (32, 'Pan', 'Peter');
INSERT INTO Person (id, name, vorname) VALUES (33, 'Maya', 'Biene');
INSERT INTO Person (id, name, vorname) VALUES (34, 'Hansen', 'Ulrich');

INSERT INTO Person (id, name, vorname) VALUES (35, 'Müller', 'Lena');
INSERT INTO Person (id, name, vorname) VALUES (36, 'Meyer', 'Susanne');
INSERT INTO Person (id, name, vorname) VALUES (37, 'Haagen', 'Felix');
INSERT INTO Person (id, name, vorname) VALUES (38, 'Herbst', 'Jörg');
INSERT INTO Person (id, name, vorname) VALUES (39, 'Sommer', 'Matthias');
INSERT INTO Person (id, name, vorname) VALUES (40, 'Winter', 'Marcel');
INSERT INTO Person (id, name, vorname) VALUES (41, 'Wohlmering', 'Malte');
INSERT INTO Person (id, name, vorname) VALUES (42, 'Wüstemann', 'Sven');
INSERT INTO Person (id, name, vorname) VALUES (43, 'Tanne', 'Alexander');
INSERT INTO Person (id, name, vorname) VALUES (44, 'Birke', 'Tobias');
INSERT INTO Person (id, name, vorname) VALUES (45, 'Eiche', 'Kai');
INSERT INTO Person (id, name, vorname) VALUES (46, 'Buche', 'Dirk');
INSERT INTO Person (id, name, vorname) VALUES (47, 'Eschen', 'David');
INSERT INTO Person (id, name, vorname) VALUES (48, 'Robson', 'Thielo');
INSERT INTO Person (id, name, vorname) VALUES (49, 'Petersen', 'Thorben');
INSERT INTO Person (id, name, vorname) VALUES (50, 'Holgerson', 'Christin');
INSERT INTO Person (id, name, vorname) VALUES (51, 'Peters', 'Julia');
INSERT INTO Person (id, name, vorname) VALUES (52, 'Wind', 'Sascha');
INSERT INTO Person (id, name, vorname) VALUES (53, 'Louis', 'Marco');
INSERT INTO Person (id, name, vorname) VALUES (54, 'Scheddin', 'Boris');

INSERT INTO Person (id, name, vorname) VALUES (55, 'Cicero', 'Tobias');
INSERT INTO Person (id, name, vorname) VALUES (56, 'Albrecht', 'Marc');
INSERT INTO Person (id, name, vorname) VALUES (57, 'Hase', 'Arne');
INSERT INTO Person (id, name, vorname) VALUES (58, 'Falk', 'Daniel');
INSERT INTO Person (id, name, vorname) VALUES (59, 'Buss', 'Claas');
INSERT INTO Person (id, name, vorname) VALUES (60, 'Clark', 'Stephen');
INSERT INTO Person (id, name, vorname) VALUES (61, 'Lind', 'Lars');
INSERT INTO Person (id, name, vorname) VALUES (62, 'Hess', 'Gerrit');
INSERT INTO Person (id, name, vorname) VALUES (63, 'Glurr', 'Tanja');
INSERT INTO Person (id, name, vorname) VALUES (64, 'Klar', 'Claudia');
INSERT INTO Person (id, name, vorname) VALUES (65, 'Bente', 'Bent');
INSERT INTO Person (id, name, vorname) VALUES (66, 'Wald', 'Christoph');
INSERT INTO Person (id, name, vorname) VALUES (67, 'Stein', 'Sebastian');
INSERT INTO Person (id, name, vorname) VALUES (68, 'Baum', 'Tim');
INSERT INTO Person (id, name, vorname) VALUES (69, 'Ast', 'Jan');
INSERT INTO Person (id, name, vorname) VALUES (70, 'Sonne', 'Moritz');
INSERT INTO Person (id, name, vorname) VALUES (71, 'Fuchs', 'Kristina');
INSERT INTO Person (id, name, vorname) VALUES (72, 'Wolf', 'Ralf');
INSERT INTO Person (id, name, vorname) VALUES (73, 'Dachs', 'Michael');
INSERT INTO Person (id, name, vorname) VALUES (74, 'Jutzow', 'Christoph');

INSERT INTO Person (id, name, vorname) VALUES (75, 'Simpson', 'Bart');
INSERT INTO Person (id, name, vorname) VALUES (76, 'Simpson', 'Lisa');
INSERT INTO Person (id, name, vorname) VALUES (77, 'van Houten', 'Milhouse');
INSERT INTO Person (id, name, vorname) VALUES (78, 'Wiggum', 'Ralph');
INSERT INTO Person (id, name, vorname) VALUES (79, 'Prince', 'Martin');
INSERT INTO Person (id, name, vorname) VALUES (80, 'McClure', 'Troy');
INSERT INTO Person (id, name, vorname) VALUES (81, 'Leonard', 'Lenny');
INSERT INTO Person (id, name, vorname) VALUES (82, 'Hibbert', 'Julius');
INSERT INTO Person (id, name, vorname) VALUES (83, 'Gumble', 'Barney');
INSERT INTO Person (id, name, vorname) VALUES (84, 'Flanders', 'Todd');
INSERT INTO Person (id, name, vorname) VALUES (85, 'Flanders', 'Rod');
INSERT INTO Person (id, name, vorname) VALUES (86, 'Carlson', 'Carl');
INSERT INTO Person (id, name, vorname) VALUES (87, 'Beardley', 'Jasper');
INSERT INTO Person (id, name, vorname) VALUES (88, 'Hope', 'Jim');
INSERT INTO Person (id, name, vorname) VALUES (89, 'Krustofski', 'Herschel');
INSERT INTO Person (id, name, vorname) VALUES (90, 'Powers', 'Laura');
INSERT INTO Person (id, name, vorname) VALUES (91, 'Risotto', 'Luigi');
INSERT INTO Person (id, name, vorname) VALUES (92, 'Synder', 'Roy');
INSERT INTO Person (id, name, vorname) VALUES (93, 'Ziff', 'Artie');
INSERT INTO Person (id, name, vorname) VALUES (94, 'Powll', 'Herbert');

INSERT INTO Person (id, name, vorname) VALUES (95, 'Cooper', 'Sheldon Lee');
INSERT INTO Person (id, name, vorname) VALUES (96, 'Wolowitz', 'Howard');
INSERT INTO Person (id, name, vorname) VALUES (97, 'Koothrappali', 'Rajesh Ramayan');
INSERT INTO Person (id, name, vorname) VALUES (98, 'Hofstadter', 'Leonard Leakey');
INSERT INTO Person (id, name, vorname) VALUES (99, 'Wheaton', 'Wil');
INSERT INTO Person (id, name, vorname) VALUES (100, 'Plimpton', 'Elizabeth');
INSERT INTO Person (id, name, vorname) VALUES (101, 'Winkle', 'Leslie');
INSERT INTO Person (id, name, vorname) VALUES (102, 'Hofstadter', 'Beverly');
INSERT INTO Person (id, name, vorname) VALUES (103, 'Gablehauser', 'Eric');
INSERT INTO Person (id, name, vorname) VALUES (104, 'Unbekannt', 'Penny');
INSERT INTO Person (id, name, vorname) VALUES (105, 'Farranh Fowler', 'Amy');
INSERT INTO Person (id, name, vorname) VALUES (106, 'Kripke', 'Barry');
INSERT INTO Person (id, name, vorname) VALUES (107, 'Dennis', 'Kim');
INSERT INTO Person (id, name, vorname) VALUES (108, 'Rostenkowski', 'Bernadette Maryann');
INSERT INTO Person (id, name, vorname) VALUES (109, 'Vanderbel', 'Christy');
INSERT INTO Person (id, name, vorname) VALUES (110, 'Koothrappali', 'Priya ');
INSERT INTO Person (id, name, vorname) VALUES (111, 'Cooper', 'Mary');
INSERT INTO Person (id, name, vorname) VALUES (112, 'Barnett', 'Stephanie');
INSERT INTO Person (id, name, vorname) VALUES (113, 'Johnson', 'Zack');
INSERT INTO Person (id, name, vorname) VALUES (114, 'Underhill', 'David');

INSERT INTO Person (id, name, vorname) VALUES (115, 'Mosby', 'Ted');
INSERT INTO Person (id, name, vorname) VALUES (116, 'Aldrin', 'Lily');
INSERT INTO Person (id, name, vorname) VALUES (117, 'Eriksen', 'Marshall');
INSERT INTO Person (id, name, vorname) VALUES (118, 'Stinson', 'Barney');
INSERT INTO Person (id, name, vorname) VALUES (119, 'Scherbatsky', 'Robin');
INSERT INTO Person (id, name, vorname) VALUES (120, 'Rivers', 'Sandy');
INSERT INTO Person (id, name, vorname) VALUES (121, 'Pierson', 'Zoey');
INSERT INTO Person (id, name, vorname) VALUES (122, 'Garvey', 'Quinn');
INSERT INTO Person (id, name, vorname) VALUES (123, 'Whittaker', 'Charly');
INSERT INTO Person (id, name, vorname) VALUES (124, 'Zinman', 'Stella');
INSERT INTO Person (id, name, vorname) VALUES (125, 'Hobbs', 'Arthur');
INSERT INTO Person (id, name, vorname) VALUES (126, 'Blauman', 'Gary');
INSERT INTO Person (id, name, vorname) VALUES (127, 'Glitter', 'Jessica');
INSERT INTO Person (id, name, vorname) VALUES (128, 'Singh', 'Ranjit');
INSERT INTO Person (id, name, vorname) VALUES (129, 'MacLeren', 'Carl');
INSERT INTO Person (id, name, vorname) VALUES (130, 'Eriksen', 'Marcus');
INSERT INTO Person (id, name, vorname) VALUES (131, 'Van Smoot', 'George');
INSERT INTO Person (id, name, vorname) VALUES (132, 'MacKenzie', 'Molly');
INSERT INTO Person (id, name, vorname) VALUES (133, 'Biel', 'Steve');
INSERT INTO Person (id, name, vorname) VALUES (134, 'Gusar', 'Stacey');


/* Dozent */
INSERT INTO Dozent (personid) VALUES (1);
INSERT INTO Dozent (personid) VALUES (2);
INSERT INTO Dozent (personid) VALUES (3);
INSERT INTO Dozent (personid) VALUES (8);
INSERT INTO Dozent (personid) VALUES (9);
INSERT INTO Dozent (personid) VALUES (10);
INSERT INTO Dozent (personid) VALUES (11);
INSERT INTO Dozent (personid) VALUES (12);
INSERT INTO Dozent (personid) VALUES (13);
INSERT INTO Dozent (personid) VALUES (26);
INSERT INTO Dozent (personid) VALUES (27);
INSERT INTO Dozent (personid) VALUES (29);
INSERT INTO Dozent (personid) VALUES (30);
INSERT INTO Dozent (personid) VALUES (31);


/* Student */
INSERT INTO Student (matrikelnummer, manipelstudienrichtung, manipeljahrgang, personid) VALUES (4016, 'I', 2009, 6);
INSERT INTO Student (matrikelnummer, manipelstudienrichtung, manipeljahrgang, personid) VALUES (4017, 'I', 2009, 5);
INSERT INTO Student (matrikelnummer, manipelstudienrichtung, manipeljahrgang, personid) VALUES (4018, 'I', 2009, 4);
INSERT INTO Student (matrikelnummer, manipelstudienrichtung, manipeljahrgang, personid) VALUES (4030, 'I', 2010, 14);
INSERT INTO Student (matrikelnummer, manipelstudienrichtung, manipeljahrgang, personid) VALUES (4031, 'I', 2010, 15);
INSERT INTO Student (matrikelnummer, manipelstudienrichtung, manipeljahrgang, personid) VALUES (4032, 'I', 2010, 16);
INSERT INTO Student (matrikelnummer, manipelstudienrichtung, manipeljahrgang, personid) VALUES (3810, 'I', 2007, 17);
INSERT INTO Student (matrikelnummer, manipelstudienrichtung, manipeljahrgang, personid) VALUES (3811, 'I', 2007, 18);
INSERT INTO Student (matrikelnummer, manipelstudienrichtung, manipeljahrgang, personid) VALUES (3812, 'I', 2007, 19);
INSERT INTO Student (matrikelnummer, manipelstudienrichtung, manipeljahrgang, personid) VALUES (3950, 'I', 2008, 20);
INSERT INTO Student (matrikelnummer, manipelstudienrichtung, manipeljahrgang, personid) VALUES (3951, 'I', 2008, 21);
INSERT INTO Student (matrikelnummer, manipelstudienrichtung, manipeljahrgang, personid) VALUES (3952, 'I', 2008, 22);
INSERT INTO Student (matrikelnummer, manipelstudienrichtung, manipeljahrgang, personid) VALUES (4050, 'I', 2011, 23);
INSERT INTO Student (matrikelnummer, manipelstudienrichtung, manipeljahrgang, personid) VALUES (4051, 'I', 2011, 24);
INSERT INTO Student (matrikelnummer, manipelstudienrichtung, manipeljahrgang, personid) VALUES (4052, 'I', 2011, 25);
INSERT INTO Student (matrikelnummer, manipelstudienrichtung, manipeljahrgang, personid) VALUES (4019, 'I', 2007, 32);
INSERT INTO Student (matrikelnummer, manipelstudienrichtung, manipeljahrgang, personid) VALUES (4020, 'I', 2007, 33);
INSERT INTO Student (matrikelnummer, manipelstudienrichtung, manipeljahrgang, personid) VALUES (4021, 'I', 2007, 34);

INSERT INTO Student (matrikelnummer, manipelstudienrichtung, manipeljahrgang, personid) VALUES (7001, 'I', 2007, 35);
INSERT INTO Student (matrikelnummer, manipelstudienrichtung, manipeljahrgang, personid) VALUES (7002, 'I', 2007, 36);
INSERT INTO Student (matrikelnummer, manipelstudienrichtung, manipeljahrgang, personid) VALUES (7003, 'I', 2007, 37);
INSERT INTO Student (matrikelnummer, manipelstudienrichtung, manipeljahrgang, personid) VALUES (7004, 'I', 2007, 38);
INSERT INTO Student (matrikelnummer, manipelstudienrichtung, manipeljahrgang, personid) VALUES (7005, 'I', 2007, 39);
INSERT INTO Student (matrikelnummer, manipelstudienrichtung, manipeljahrgang, personid) VALUES (7006, 'I', 2007, 40);
INSERT INTO Student (matrikelnummer, manipelstudienrichtung, manipeljahrgang, personid) VALUES (7007, 'I', 2007, 41);
INSERT INTO Student (matrikelnummer, manipelstudienrichtung, manipeljahrgang, personid) VALUES (7008, 'I', 2007, 42);
INSERT INTO Student (matrikelnummer, manipelstudienrichtung, manipeljahrgang, personid) VALUES (7009, 'I', 2007, 43);
INSERT INTO Student (matrikelnummer, manipelstudienrichtung, manipeljahrgang, personid) VALUES (7010, 'I', 2007, 44);
INSERT INTO Student (matrikelnummer, manipelstudienrichtung, manipeljahrgang, personid) VALUES (7011, 'I', 2007, 45);
INSERT INTO Student (matrikelnummer, manipelstudienrichtung, manipeljahrgang, personid) VALUES (7012, 'I', 2007, 46);
INSERT INTO Student (matrikelnummer, manipelstudienrichtung, manipeljahrgang, personid) VALUES (7013, 'I', 2007, 47);
INSERT INTO Student (matrikelnummer, manipelstudienrichtung, manipeljahrgang, personid) VALUES (7014, 'I', 2007, 48);
INSERT INTO Student (matrikelnummer, manipelstudienrichtung, manipeljahrgang, personid) VALUES (7015, 'I', 2007, 49);
INSERT INTO Student (matrikelnummer, manipelstudienrichtung, manipeljahrgang, personid) VALUES (7016, 'I', 2007, 50);
INSERT INTO Student (matrikelnummer, manipelstudienrichtung, manipeljahrgang, personid) VALUES (7017, 'I', 2007, 51);
INSERT INTO Student (matrikelnummer, manipelstudienrichtung, manipeljahrgang, personid) VALUES (7018, 'I', 2007, 52);
INSERT INTO Student (matrikelnummer, manipelstudienrichtung, manipeljahrgang, personid) VALUES (7019, 'I', 2007, 53);
INSERT INTO Student (matrikelnummer, manipelstudienrichtung, manipeljahrgang, personid) VALUES (7020, 'I', 2007, 54);

INSERT INTO Student (matrikelnummer, manipelstudienrichtung, manipeljahrgang, personid) VALUES (8001, 'I', 2008, 55);
INSERT INTO Student (matrikelnummer, manipelstudienrichtung, manipeljahrgang, personid) VALUES (8002, 'I', 2008, 56);
INSERT INTO Student (matrikelnummer, manipelstudienrichtung, manipeljahrgang, personid) VALUES (8003, 'I', 2008, 57);
INSERT INTO Student (matrikelnummer, manipelstudienrichtung, manipeljahrgang, personid) VALUES (8004, 'I', 2008, 58);
INSERT INTO Student (matrikelnummer, manipelstudienrichtung, manipeljahrgang, personid) VALUES (8005, 'I', 2008, 59);
INSERT INTO Student (matrikelnummer, manipelstudienrichtung, manipeljahrgang, personid) VALUES (8006, 'I', 2008, 60);
INSERT INTO Student (matrikelnummer, manipelstudienrichtung, manipeljahrgang, personid) VALUES (8007, 'I', 2008, 61);
INSERT INTO Student (matrikelnummer, manipelstudienrichtung, manipeljahrgang, personid) VALUES (8008, 'I', 2008, 62);
INSERT INTO Student (matrikelnummer, manipelstudienrichtung, manipeljahrgang, personid) VALUES (8009, 'I', 2008, 63);
INSERT INTO Student (matrikelnummer, manipelstudienrichtung, manipeljahrgang, personid) VALUES (8010, 'I', 2008, 64);
INSERT INTO Student (matrikelnummer, manipelstudienrichtung, manipeljahrgang, personid) VALUES (8011, 'I', 2008, 65);
INSERT INTO Student (matrikelnummer, manipelstudienrichtung, manipeljahrgang, personid) VALUES (8012, 'I', 2008, 66);
INSERT INTO Student (matrikelnummer, manipelstudienrichtung, manipeljahrgang, personid) VALUES (8013, 'I', 2008, 67);
INSERT INTO Student (matrikelnummer, manipelstudienrichtung, manipeljahrgang, personid) VALUES (8014, 'I', 2008, 68);
INSERT INTO Student (matrikelnummer, manipelstudienrichtung, manipeljahrgang, personid) VALUES (8015, 'I', 2008, 69);
INSERT INTO Student (matrikelnummer, manipelstudienrichtung, manipeljahrgang, personid) VALUES (8016, 'I', 2008, 70);
INSERT INTO Student (matrikelnummer, manipelstudienrichtung, manipeljahrgang, personid) VALUES (8017, 'I', 2008, 71);
INSERT INTO Student (matrikelnummer, manipelstudienrichtung, manipeljahrgang, personid) VALUES (8018, 'I', 2008, 72);
INSERT INTO Student (matrikelnummer, manipelstudienrichtung, manipeljahrgang, personid) VALUES (8019, 'I', 2008, 73);
INSERT INTO Student (matrikelnummer, manipelstudienrichtung, manipeljahrgang, personid) VALUES (8020, 'I', 2008, 74);

INSERT INTO Student (matrikelnummer, manipelstudienrichtung, manipeljahrgang, personid) VALUES (9001, 'I', 2009, 75);
INSERT INTO Student (matrikelnummer, manipelstudienrichtung, manipeljahrgang, personid) VALUES (9002, 'I', 2009, 76);
INSERT INTO Student (matrikelnummer, manipelstudienrichtung, manipeljahrgang, personid) VALUES (9003, 'I', 2009, 77);
INSERT INTO Student (matrikelnummer, manipelstudienrichtung, manipeljahrgang, personid) VALUES (9004, 'I', 2009, 78);
INSERT INTO Student (matrikelnummer, manipelstudienrichtung, manipeljahrgang, personid) VALUES (9005, 'I', 2009, 79);
INSERT INTO Student (matrikelnummer, manipelstudienrichtung, manipeljahrgang, personid) VALUES (9006, 'I', 2009, 80);
INSERT INTO Student (matrikelnummer, manipelstudienrichtung, manipeljahrgang, personid) VALUES (9007, 'I', 2009, 81);
INSERT INTO Student (matrikelnummer, manipelstudienrichtung, manipeljahrgang, personid) VALUES (9008, 'I', 2009, 82);
INSERT INTO Student (matrikelnummer, manipelstudienrichtung, manipeljahrgang, personid) VALUES (9009, 'I', 2009, 83);
INSERT INTO Student (matrikelnummer, manipelstudienrichtung, manipeljahrgang, personid) VALUES (9010, 'I', 2009, 84);
INSERT INTO Student (matrikelnummer, manipelstudienrichtung, manipeljahrgang, personid) VALUES (9011, 'I', 2009, 85);
INSERT INTO Student (matrikelnummer, manipelstudienrichtung, manipeljahrgang, personid) VALUES (9012, 'I', 2009, 86);
INSERT INTO Student (matrikelnummer, manipelstudienrichtung, manipeljahrgang, personid) VALUES (9013, 'I', 2009, 87);
INSERT INTO Student (matrikelnummer, manipelstudienrichtung, manipeljahrgang, personid) VALUES (9014, 'I', 2009, 88);
INSERT INTO Student (matrikelnummer, manipelstudienrichtung, manipeljahrgang, personid) VALUES (9015, 'I', 2009, 89);
INSERT INTO Student (matrikelnummer, manipelstudienrichtung, manipeljahrgang, personid) VALUES (9016, 'I', 2009, 90);
INSERT INTO Student (matrikelnummer, manipelstudienrichtung, manipeljahrgang, personid) VALUES (9017, 'I', 2009, 91);
INSERT INTO Student (matrikelnummer, manipelstudienrichtung, manipeljahrgang, personid) VALUES (9018, 'I', 2009, 92);
INSERT INTO Student (matrikelnummer, manipelstudienrichtung, manipeljahrgang, personid) VALUES (9019, 'I', 2009, 93);
INSERT INTO Student (matrikelnummer, manipelstudienrichtung, manipeljahrgang, personid) VALUES (9020, 'I', 2009, 94);

INSERT INTO Student (matrikelnummer, manipelstudienrichtung, manipeljahrgang, personid) VALUES (9101, 'I', 2010, 95);
INSERT INTO Student (matrikelnummer, manipelstudienrichtung, manipeljahrgang, personid) VALUES (9102, 'I', 2010, 96);
INSERT INTO Student (matrikelnummer, manipelstudienrichtung, manipeljahrgang, personid) VALUES (9103, 'I', 2010, 97);
INSERT INTO Student (matrikelnummer, manipelstudienrichtung, manipeljahrgang, personid) VALUES (9104, 'I', 2010, 98);
INSERT INTO Student (matrikelnummer, manipelstudienrichtung, manipeljahrgang, personid) VALUES (9105, 'I', 2010, 99);
INSERT INTO Student (matrikelnummer, manipelstudienrichtung, manipeljahrgang, personid) VALUES (9106, 'I', 2010, 100);
INSERT INTO Student (matrikelnummer, manipelstudienrichtung, manipeljahrgang, personid) VALUES (9107, 'I', 2010, 101);
INSERT INTO Student (matrikelnummer, manipelstudienrichtung, manipeljahrgang, personid) VALUES (9108, 'I', 2010, 102);
INSERT INTO Student (matrikelnummer, manipelstudienrichtung, manipeljahrgang, personid) VALUES (9109, 'I', 2010, 103);
INSERT INTO Student (matrikelnummer, manipelstudienrichtung, manipeljahrgang, personid) VALUES (9110, 'I', 2010, 104);
INSERT INTO Student (matrikelnummer, manipelstudienrichtung, manipeljahrgang, personid) VALUES (9111, 'I', 2010, 105);
INSERT INTO Student (matrikelnummer, manipelstudienrichtung, manipeljahrgang, personid) VALUES (9112, 'I', 2010, 106);
INSERT INTO Student (matrikelnummer, manipelstudienrichtung, manipeljahrgang, personid) VALUES (9113, 'I', 2010, 107);
INSERT INTO Student (matrikelnummer, manipelstudienrichtung, manipeljahrgang, personid) VALUES (9114, 'I', 2010, 108);
INSERT INTO Student (matrikelnummer, manipelstudienrichtung, manipeljahrgang, personid) VALUES (9115, 'I', 2010, 109);
INSERT INTO Student (matrikelnummer, manipelstudienrichtung, manipeljahrgang, personid) VALUES (9116, 'I', 2010, 110);
INSERT INTO Student (matrikelnummer, manipelstudienrichtung, manipeljahrgang, personid) VALUES (9117, 'I', 2010, 111);
INSERT INTO Student (matrikelnummer, manipelstudienrichtung, manipeljahrgang, personid) VALUES (9118, 'I', 2010, 112);
INSERT INTO Student (matrikelnummer, manipelstudienrichtung, manipeljahrgang, personid) VALUES (9119, 'I', 2010, 113);
INSERT INTO Student (matrikelnummer, manipelstudienrichtung, manipeljahrgang, personid) VALUES (9120, 'I', 2010, 114);

INSERT INTO Student (matrikelnummer, manipelstudienrichtung, manipeljahrgang, personid) VALUES (9901, 'I', 2011, 115);
INSERT INTO Student (matrikelnummer, manipelstudienrichtung, manipeljahrgang, personid) VALUES (9902, 'I', 2011, 116);
INSERT INTO Student (matrikelnummer, manipelstudienrichtung, manipeljahrgang, personid) VALUES (9903, 'I', 2011, 117);
INSERT INTO Student (matrikelnummer, manipelstudienrichtung, manipeljahrgang, personid) VALUES (9904, 'I', 2011, 118);
INSERT INTO Student (matrikelnummer, manipelstudienrichtung, manipeljahrgang, personid) VALUES (9905, 'I', 2011, 119);
INSERT INTO Student (matrikelnummer, manipelstudienrichtung, manipeljahrgang, personid) VALUES (9906, 'I', 2011, 120);
INSERT INTO Student (matrikelnummer, manipelstudienrichtung, manipeljahrgang, personid) VALUES (9907, 'I', 2011, 121);
INSERT INTO Student (matrikelnummer, manipelstudienrichtung, manipeljahrgang, personid) VALUES (9908, 'I', 2011, 122);
INSERT INTO Student (matrikelnummer, manipelstudienrichtung, manipeljahrgang, personid) VALUES (9909, 'I', 2011, 123);
INSERT INTO Student (matrikelnummer, manipelstudienrichtung, manipeljahrgang, personid) VALUES (9910, 'I', 2011, 124);
INSERT INTO Student (matrikelnummer, manipelstudienrichtung, manipeljahrgang, personid) VALUES (9911, 'I', 2011, 125);
INSERT INTO Student (matrikelnummer, manipelstudienrichtung, manipeljahrgang, personid) VALUES (9912, 'I', 2011, 126);
INSERT INTO Student (matrikelnummer, manipelstudienrichtung, manipeljahrgang, personid) VALUES (9913, 'I', 2011, 127);
INSERT INTO Student (matrikelnummer, manipelstudienrichtung, manipeljahrgang, personid) VALUES (9914, 'I', 2011, 128);
INSERT INTO Student (matrikelnummer, manipelstudienrichtung, manipeljahrgang, personid) VALUES (9915, 'I', 2011, 129);
INSERT INTO Student (matrikelnummer, manipelstudienrichtung, manipeljahrgang, personid) VALUES (9916, 'I', 2011, 130);
INSERT INTO Student (matrikelnummer, manipelstudienrichtung, manipeljahrgang, personid) VALUES (9917, 'I', 2011, 131);
INSERT INTO Student (matrikelnummer, manipelstudienrichtung, manipeljahrgang, personid) VALUES (9918, 'I', 2011, 132);
INSERT INTO Student (matrikelnummer, manipelstudienrichtung, manipeljahrgang, personid) VALUES (9919, 'I', 2011, 133);
INSERT INTO Student (matrikelnummer, manipelstudienrichtung, manipeljahrgang, personid) VALUES (9920, 'I', 2011, 134);

/* User */
INSERT INTO User (id, personid) VALUES (1, 7); /* Ulrike Heinrich */

/* Prüfung */
INSERT INTO Pruefung (id, dozentid, pruefungsfachid, datum) VALUES (1, 1, 1, '2007-06-20');
INSERT INTO Pruefung (id, dozentid, pruefungsfachid, datum) VALUES (2, 2, 2, '2007-06-21');
INSERT INTO Pruefung (id, dozentid, pruefungsfachid, datum) VALUES (3, 3, 3, '2008-07-02');
INSERT INTO Pruefung (id, dozentid, pruefungsfachid, datum) VALUES (4, 3, 4, '2007-10-15');
INSERT INTO Pruefung (id, dozentid, pruefungsfachid, datum) VALUES (5, 2, 5, '2007-06-01');
INSERT INTO Pruefung (id, dozentid, pruefungsfachid, datum) VALUES (6, 2, 6, '2007-09-18');
INSERT INTO Pruefung (id, dozentid, pruefungsfachid, datum) VALUES (7, 8, 7, '2007-10-20');
INSERT INTO Pruefung (id, dozentid, pruefungsfachid, datum) VALUES (8, 9, 8, '2008-03-26');
INSERT INTO Pruefung (id, dozentid, pruefungsfachid, datum) VALUES (9, 12, 9, '2007-05-21');
INSERT INTO Pruefung (id, dozentid, pruefungsfachid, datum) VALUES (10, 13, 10, '2007-05-27');
INSERT INTO Pruefung (id, dozentid, pruefungsfachid, datum) VALUES (11, 8, 11, '2008-05-20');

INSERT INTO Pruefung (id, dozentid, pruefungsfachid, datum) VALUES (12, 11, 12, '2010-03-14');
INSERT INTO Pruefung (id, dozentid, pruefungsfachid, datum) VALUES (13, 12, 13, '2023-07-21');
INSERT INTO Pruefung (id, dozentid, pruefungsfachid, datum) VALUES (14, 13, 43, '2042-10-02');
INSERT INTO Pruefung (id, dozentid, pruefungsfachid, datum) VALUES (15, 1, 1, '2019-10-02');

INSERT INTO Pruefung (id, dozentid, pruefungsfachid, datum) VALUES (16, 1, 12, '2009-06-20');
INSERT INTO Pruefung (id, dozentid, pruefungsfachid, datum) VALUES (17, 2, 13, '2010-06-21');
INSERT INTO Pruefung (id, dozentid, pruefungsfachid, datum) VALUES (18, 3, 14, '2010-07-02');
INSERT INTO Pruefung (id, dozentid, pruefungsfachid, datum) VALUES (19, 3, 15, '2010-10-15');
INSERT INTO Pruefung (id, dozentid, pruefungsfachid, datum) VALUES (20, 2, 16, '2010-06-01');
INSERT INTO Pruefung (id, dozentid, pruefungsfachid, datum) VALUES (21, 2, 17, '2009-09-18');
INSERT INTO Pruefung (id, dozentid, pruefungsfachid, datum) VALUES (22, 8, 18, '2009-10-20');
INSERT INTO Pruefung (id, dozentid, pruefungsfachid, datum) VALUES (23, 9, 19, '2009-03-26');
INSERT INTO Pruefung (id, dozentid, pruefungsfachid, datum) VALUES (24, 12, 20, '2009-05-21');
INSERT INTO Pruefung (id, dozentid, pruefungsfachid, datum) VALUES (25, 13, 21, '2010-05-27');
INSERT INTO Pruefung (id, dozentid, pruefungsfachid, datum) VALUES (26, 8, 22, '2009-05-20');

INSERT INTO Pruefung (id, dozentid, pruefungsfachid, datum) VALUES (27, 1, 23, '2010-06-20');
INSERT INTO Pruefung (id, dozentid, pruefungsfachid, datum) VALUES (28, 2, 24, '2010-06-21');
INSERT INTO Pruefung (id, dozentid, pruefungsfachid, datum) VALUES (29, 3, 25, '2010-07-02');
INSERT INTO Pruefung (id, dozentid, pruefungsfachid, datum) VALUES (30, 3, 26, '2011-10-15');
INSERT INTO Pruefung (id, dozentid, pruefungsfachid, datum) VALUES (31, 2, 27, '2011-06-01');
INSERT INTO Pruefung (id, dozentid, pruefungsfachid, datum) VALUES (32, 2, 28, '2010-09-18');
INSERT INTO Pruefung (id, dozentid, pruefungsfachid, datum) VALUES (33, 8, 29, '2010-10-20');
INSERT INTO Pruefung (id, dozentid, pruefungsfachid, datum) VALUES (34, 9, 30, '2010-03-26');
INSERT INTO Pruefung (id, dozentid, pruefungsfachid, datum) VALUES (35, 12, 31, '2011-05-21');
INSERT INTO Pruefung (id, dozentid, pruefungsfachid, datum) VALUES (36, 13, 32, '2011-05-27');
INSERT INTO Pruefung (id, dozentid, pruefungsfachid, datum) VALUES (37, 8, 33, '2010-05-20');

INSERT INTO Pruefung (id, dozentid, pruefungsfachid, datum) VALUES (38, 1, 34, '2010-06-20');
INSERT INTO Pruefung (id, dozentid, pruefungsfachid, datum) VALUES (39, 2, 35, '2010-06-21');
INSERT INTO Pruefung (id, dozentid, pruefungsfachid, datum) VALUES (40, 3, 36, '2011-07-02');
INSERT INTO Pruefung (id, dozentid, pruefungsfachid, datum) VALUES (41, 3, 37, '2011-10-15');
INSERT INTO Pruefung (id, dozentid, pruefungsfachid, datum) VALUES (42, 2, 38, '2011-06-01');
INSERT INTO Pruefung (id, dozentid, pruefungsfachid, datum) VALUES (43, 2, 39, '2011-09-18');
INSERT INTO Pruefung (id, dozentid, pruefungsfachid, datum) VALUES (44, 8, 40, '2011-10-20');
INSERT INTO Pruefung (id, dozentid, pruefungsfachid, datum) VALUES (45, 9, 41, '2010-03-26');
INSERT INTO Pruefung (id, dozentid, pruefungsfachid, datum) VALUES (46, 12, 42, '2011-05-21');
INSERT INTO Pruefung (id, dozentid, pruefungsfachid, datum) VALUES (47, 13, 43, '2011-05-27');
INSERT INTO Pruefung (id, dozentid, pruefungsfachid, datum) VALUES (48, 8, 44, '2010-05-20');

INSERT INTO Pruefung (id, dozentid, pruefungsfachid, datum) VALUES (49, 1, 45, '2012-06-20');
INSERT INTO Pruefung (id, dozentid, pruefungsfachid, datum) VALUES (50, 2, 46, '2012-06-21');
INSERT INTO Pruefung (id, dozentid, pruefungsfachid, datum) VALUES (51, 3, 47, '2011-07-02');
INSERT INTO Pruefung (id, dozentid, pruefungsfachid, datum) VALUES (52, 3, 48, '2011-10-15');
INSERT INTO Pruefung (id, dozentid, pruefungsfachid, datum) VALUES (53, 2, 49, '2011-06-01');
INSERT INTO Pruefung (id, dozentid, pruefungsfachid, datum) VALUES (54, 2, 50, '2011-09-18');
INSERT INTO Pruefung (id, dozentid, pruefungsfachid, datum) VALUES (55, 8, 51, '2011-10-20');
INSERT INTO Pruefung (id, dozentid, pruefungsfachid, datum) VALUES (56, 9, 52, '2012-03-26');
INSERT INTO Pruefung (id, dozentid, pruefungsfachid, datum) VALUES (57, 12, 53, '2011-05-21');
INSERT INTO Pruefung (id, dozentid, pruefungsfachid, datum) VALUES (58, 13, 54, '2011-05-27');
INSERT INTO Pruefung (id, dozentid, pruefungsfachid, datum) VALUES (59, 8, 55, '2012-05-20');

/* Ergaenzungspruefung */
INSERT INTO Ergaenzungspruefung (id, note, datum, erfassungsdatum) VALUES (1, 'ZWEI', '2012-10-28', '2012-10-30');
INSERT INTO Ergaenzungspruefung (id, note, datum, erfassungsdatum) VALUES (2, 'FUENF', '2012-10-28', '2012-10-30');
INSERT INTO Ergaenzungspruefung (id, note, datum, erfassungsdatum) VALUES (3, 'EINS', '2011-05-08', '2011-05-21');
INSERT INTO Ergaenzungspruefung (id, note, datum, erfassungsdatum) VALUES (4, 'FUENF', '2011-05-14', '2011-05-28');
INSERT INTO Ergaenzungspruefung (id, note, datum, erfassungsdatum) VALUES (5, 'ZWEI', '2011-06-02', '2012-06-10');
INSERT INTO Ergaenzungspruefung (id, note, datum, erfassungsdatum) VALUES (6, 'EINS', '2011-06-10', '2012-06-12');
INSERT INTO Ergaenzungspruefung (id, note, datum, erfassungsdatum) VALUES (7, 'EINS', '2011-10-28', '2011-11-05');
INSERT INTO Ergaenzungspruefung (id, note, datum, erfassungsdatum) VALUES (8, 'ZWEI', '2012-01-15', '2012-01-20');
INSERT INTO Ergaenzungspruefung (id, note, datum, erfassungsdatum) VALUES (9, 'ZWEI', '2012-03-28', '2012-04-10');
INSERT INTO Ergaenzungspruefung (id, note, datum, erfassungsdatum) VALUES (10, 'ZWEI', '2012-06-16', '2012-06-24');
INSERT INTO Ergaenzungspruefung (id, note, datum, erfassungsdatum) VALUES (11, 'EINSDREI', '2012-01-10', '2012-01-21');
INSERT INTO Ergaenzungspruefung (id, note, datum, erfassungsdatum) VALUES (12, 'FUENF', '2011-12-20', '2011-12-22');
INSERT INTO Ergaenzungspruefung (id, note, datum, erfassungsdatum) VALUES (13, 'FUENF', '2012-10-01', '2012-10-02');


/* Prüfungsleistungen */
INSERT INTO Pruefungsleistung (id, studentmatrikelnummer, pruefungid, userid, versuch, note, mdl_moeglich, gueltig, erfassungsdatum, aenderungseintrag, ergaenzungspruefungid) VALUES (1, 4016, 9, 1, 1, 'FUENF', 1, 1, '2011-11-10', 0, 2);
INSERT INTO Pruefungsleistung (id, studentmatrikelnummer, pruefungid, userid, versuch, note, mdl_moeglich, gueltig, erfassungsdatum, aenderungseintrag) VALUES (2, 4017, 9, 1, 1, 'SECHS', 1, 1, '2012-07-25', 0);
INSERT INTO Pruefungsleistung (id, studentmatrikelnummer, pruefungid, userid, versuch, note, mdl_moeglich, gueltig, erfassungsdatum, aenderungseintrag) VALUES (3, 4018, 9, 1, 1, 'EINSSIEBEN', 1, 1, '2012-07-25', 0);
INSERT INTO Pruefungsleistung (id, studentmatrikelnummer, pruefungid, userid, versuch, note, mdl_moeglich, gueltig, erfassungsdatum, aenderungseintrag) VALUES (4, 4016, 10, 1, 2, 'EINSSIEBEN', 1, 1, '2012-04-30', 0);
INSERT INTO Pruefungsleistung (id, studentmatrikelnummer, pruefungid, userid, versuch, note, mdl_moeglich, gueltig, erfassungsdatum, aenderungseintrag, ergaenzungspruefungid) VALUES (5, 4017, 10, 1, 2, 'FUENF', 1, 1, '2012-10-30', 0, 1);
INSERT INTO Pruefungsleistung (id, studentmatrikelnummer, pruefungid, userid, versuch, note, mdl_moeglich, gueltig, erfassungsdatum, aenderungseintrag, ergaenzungspruefungid) VALUES (6, 4030, 13, 1, 1, 'ZWEI', 1, 1, '2011-06-27', 0, 3);
INSERT INTO Pruefungsleistung (id, studentmatrikelnummer, pruefungid, userid, versuch, note, mdl_moeglich, gueltig, erfassungsdatum, aenderungseintrag) VALUES (7, 4031, 13, 1, 1, 'DREI', 1, 1, '2012-10-05', 0);
INSERT INTO Pruefungsleistung (id, studentmatrikelnummer, pruefungid, userid, versuch, note, mdl_moeglich, gueltig, erfassungsdatum, aenderungseintrag) VALUES (8, 4032, 13, 1, 1, 'FUENF', 1, 1, '2011-10-25', 0);
INSERT INTO Pruefungsleistung (id, studentmatrikelnummer, pruefungid, userid, versuch, note, mdl_moeglich, gueltig, erfassungsdatum, aenderungseintrag) VALUES (9, 3810, 1, 1, 1, 'SECHS', 0, 1, '2011-10-30', 0);
INSERT INTO Pruefungsleistung (id, studentmatrikelnummer, pruefungid, userid, versuch, note, mdl_moeglich, gueltig, erfassungsdatum, aenderungseintrag) VALUES (10, 4020, 1, 1, 1, 'FUENF', 1, 1, '2011-07-02', 0);
INSERT INTO Pruefungsleistung (id, studentmatrikelnummer, pruefungid, userid, versuch, note, mdl_moeglich, gueltig, erfassungsdatum, aenderungseintrag, ergaenzungspruefungid) VALUES (11, 4020, 2, 1, 2, 'FUENF', 1, 1, '2011-12-12', 0, 11);
INSERT INTO Pruefungsleistung (id, studentmatrikelnummer, pruefungid, userid, versuch, note, mdl_moeglich, gueltig, erfassungsdatum, aenderungseintrag) VALUES (12, 3811, 1, 1, 1, 'FUENF', 1, 1, '2011-12-12', 0);
INSERT INTO Pruefungsleistung (id, studentmatrikelnummer, pruefungid, userid, versuch, note, mdl_moeglich, gueltig, erfassungsdatum, aenderungseintrag) VALUES (13, 3812, 1, 1, 1, 'FUENF', 1, 1, '2011-12-12', 0);
INSERT INTO Pruefungsleistung (id, studentmatrikelnummer, pruefungid, userid, versuch, note, mdl_moeglich, gueltig, erfassungsdatum, aenderungseintrag) VALUES (14, 3811, 2, 1, 2, 'SECHS', 1, 1, '2012-09-30', 0);
INSERT INTO Pruefungsleistung (id, studentmatrikelnummer, pruefungid, userid, versuch, note, mdl_moeglich, gueltig, erfassungsdatum, aenderungseintrag) VALUES (15, 3811, 17, 1, 3, 'FUENF', 1, 1, '2012-10-10', 0);
INSERT INTO Pruefungsleistung (id, studentmatrikelnummer, pruefungid, userid, versuch, note, mdl_moeglich, gueltig, erfassungsdatum, aenderungseintrag, ergaenzungspruefungid) VALUES (16, 4021, 1, 1, 1, 'FUENF', 1, 1, '2011-12-12', 0, 12);
INSERT INTO Pruefungsleistung (id, studentmatrikelnummer, pruefungid, userid, versuch, note, mdl_moeglich, gueltig, erfassungsdatum, aenderungseintrag, ergaenzungspruefungid) VALUES (17, 4021, 2, 1, 2, 'FUENF', 1, 1, '2012-09-30', 0, 13);
INSERT INTO Pruefungsleistung (id, studentmatrikelnummer, pruefungid, userid, versuch, note, mdl_moeglich, gueltig, erfassungsdatum, aenderungseintrag) VALUES (18, 4021, 17, 1, 3, 'FUENF', 1, 1, '2012-10-10', 0);

